city_id,city,channel_id,url,channel_title,channel_description,is_official,is_confirmed
AT00007025,alachua,UCPRBTIJPBe60dKAtgCHYwpQ,https://www.youtube.com/channel/UCPRBTIJPBe60dKAtgCHYwpQ,"City of Gainesville, Florida",The latest videos from the City of Gainesville's Communications Office.,yes,
AT00007025,alachua,UCIhz2FgFrqhUffJnMtaXnRQ,https://www.youtube.com/channel/UCIhz2FgFrqhUffJnMtaXnRQ,Alachua Chamber,Official City of Alachua Chamber of Commerce YouTube Channel.,yes,
AT00007077,anna maria,UCTSpVpwQayQrmjtZoCnZNBQ,https://www.youtube.com/channel/UCTSpVpwQayQrmjtZoCnZNBQ,Anna Maria Island Chamber of Commerce,,yes,
AT00007089,apopka,UCJKvoQzZuYfgsqrtkpjYLCw,https://www.youtube.com/channel/UCJKvoQzZuYfgsqrtkpjYLCw,City of Apopka,"City of Apopka Incorporated 1882 Population 58000 Great Place to Work, Live, & Play.",yes,
AT00007092,arcadia,UCJhr1CPQlZvNOfJ-qTSboyA,https://www.youtube.com/channel/UCJhr1CPQlZvNOfJ-qTSboyA,"DeSoto County, Florida - Local Government","DeSoto County, Florida DeSoto County is served by a five-member Board of County Commissioners, representing five districts ...",yes,
AT00007094,archer,UCKt1468kcNjBS2AYgOaBsRQ,https://www.youtube.com/channel/UCKt1468kcNjBS2AYgOaBsRQ,"City of Williston, FL","The City of Williston, Florida.",yes,
AT00007094,archer,UC1k1SYaMvZ-HM5T9Gs7-t-A,https://www.youtube.com/channel/UC1k1SYaMvZ-HM5T9Gs7-t-A,"City of Archer, Florida","Public Information distribution site for the City of Archer, Florida.",yes,
AT00007094,archer,UC9MNwMuigm3PeKHacwz2xQQ,https://www.youtube.com/channel/UC9MNwMuigm3PeKHacwz2xQQ,City of Newberry,Official YouTube channel for the City of Newberry. Includes commission meetings and other municipal government meetings.,yes,
AT00007111,atlantic beach,UC6OrbnVLfSTlwCYbS6KQEYA,https://www.youtube.com/channel/UC6OrbnVLfSTlwCYbS6KQEYA,Atlantic Beach Florida Police Department,,yes,
AT00007112,atlantis,UCHxHJQCYf067_qYAmq9lKcw,https://www.youtube.com/channel/UCHxHJQCYf067_qYAmq9lKcw,City of Boynton Beach,,yes,
AT00007112,atlantis,UCc2j0JhnR8Hx0Hj13RhCJag,https://www.youtube.com/channel/UCc2j0JhnR8Hx0Hj13RhCJag,City of Delray Beach,Delray Beach is a vibrant city with historic charm and award-winning beaches. www.delraybeachfl.gov.,yes,
AT00007113,auburndale,UC1hGizu74_ZR3wpjxbzrfCA,https://www.youtube.com/channel/UC1hGizu74_ZR3wpjxbzrfCA,City of Auburndale,"The purpose of this Youtube Channel is to enhance customer service, outreach and increase citizen involvement with the ...",yes,
AT00007116,aventura,UC14oW1qFcB6kdLwmLGjsU3Q,https://www.youtube.com/channel/UC14oW1qFcB6kdLwmLGjsU3Q,City of Aventura,"Welcome to Aventura! Situated in the northeastern portion of Miami-Dade County and part of the Miami metropolitan area, ...",yes,
AT00007118,avon park,UCwiGvVm5207IwzCqpBHFlCg,https://www.youtube.com/channel/UCwiGvVm5207IwzCqpBHFlCg,City of Avon Park Florida,,yes,
AT00007118,avon park,UCvmlLVHQ8a_a1uVosSyCl4Q,https://www.youtube.com/channel/UCvmlLVHQ8a_a1uVosSyCl4Q,City of Avon Park,,yes,
AT00007125,bal harbour village,UCSCzXpZ82FfA5udLY6WynCQ,https://www.youtube.com/channel/UCSCzXpZ82FfA5udLY6WynCQ,Town of Miami Lakes,"When it incorporated in December 2000, the Town of Miami Lakes became the 31st municipality in Miami-Dade County. Known ...",yes,
AT00007135,bay harbor islands,UCsjG_WlAS2qv-Hic6K16o3w,https://www.youtube.com/channel/UCsjG_WlAS2qv-Hic6K16o3w,City of Fort Lauderdale,"WeAreFTL: the official channel for the City of #FortLauderdale, a breathtaking coastal community in the heart of south Florida that ...",yes,
AT00007135,bay harbor islands,UCwiTlvlCwmSmwbH1nSvPkgQ,https://www.youtube.com/channel/UCwiTlvlCwmSmwbH1nSvPkgQ,"Town of Bay Harbor Islands, Florida",,yes,
AT00007150,bell,UCpBInoygQrE1ZKs7CTeLwgg,https://www.youtube.com/channel/UCpBInoygQrE1ZKs7CTeLwgg,"Ancient City Tours - St Augustine, FL",,yes,
AT00007152,belleair,UCgRGEAjXgfFLG5U0oLfUBzA,https://www.youtube.com/channel/UCgRGEAjXgfFLG5U0oLfUBzA,"Town of Belleair, Florida",,yes,
AT00007152,belleair,UCBTiCuq7bdOfOjqAnHY0zbA,https://www.youtube.com/channel/UCBTiCuq7bdOfOjqAnHY0zbA,City of Belleair Beach Official,Official City of Belleair Beach.,yes,
AT00007157,belle glade,UCsFlXKhyL4hT3MPBoog1-4A,https://www.youtube.com/channel/UCsFlXKhyL4hT3MPBoog1-4A,Golfing The Villages,The source for all things Golf in The Villages. Hello World and welcome to Golfing The Villages. You have just stumbled upon a ...,yes,
AT00007157,belle glade,UCQLscw9DgrA_zm127VmG9Xg,https://www.youtube.com/channel/UCQLscw9DgrA_zm127VmG9Xg,City of Belle Glade,"Welcome to the official YouTube Channel for the City of Belle Glade! 110 Dr M.L.K. Jr Blvd W, Belle Glade, FL 33430 | (561) ...",yes,
AT00007159,belle isle,UCGkvDK83WRbsmtxwDRJteVw,https://www.youtube.com/channel/UCGkvDK83WRbsmtxwDRJteVw,City of Belle Isle Florida,You're now leaving belleislefl.org The City of Belle Isle Web Privacy Policy & Terms of Use does not apply to the site you are ...,yes,
AT00007160,belleview,UChJ-OGIhw5AlhlJnxHleNOw,https://www.youtube.com/channel/UChJ-OGIhw5AlhlJnxHleNOw,Belleview Florida,Welcome to the City of Belleview's YouTube Channel! Get more information on our main website or visit us on Facebook!,yes,
AT00007167,beverly beach,UCutMtNq3Rm4NzsRYtNMHSAg,https://www.youtube.com/channel/UCutMtNq3Rm4NzsRYtNMHSAg,City of Palm Coast,Welcome to the official YouTube Channel of the City of Palm Coast - your all-in-one resource for everything Palm Coast. Here you ...,yes,
AT00007181,blountstown,UCrVOkYfG2dbYCtEHKwcQSrg,https://www.youtube.com/channel/UCrVOkYfG2dbYCtEHKwcQSrg,Calhoun County Chamber of Commerce,"Video clips and features that highlight Calhoun County, Florida.",yes,
AT00007184,boca raton,UCl6Odacm7g41cqVb6JRhuSQ,https://www.youtube.com/channel/UCl6Odacm7g41cqVb6JRhuSQ,City of Boca Raton Government,Official City of Boca Raton (Government),yes,
AT00007186,bonifay,UCxzUlZ81Vfn29vax7ewuefQ,https://www.youtube.com/channel/UCxzUlZ81Vfn29vax7ewuefQ,First Baptist Panama City,"First Baptist Church Panama City, Fl. 640 Grace Ave. Panama City, FL. 32401 (850) 785-6146 Service times: Sunday Morning ...",yes,
AT00007191,bowling green,UCOIkT9bq-1N2BvrsBjhNlag,https://www.youtube.com/channel/UCOIkT9bq-1N2BvrsBjhNlag,Virtual Railfan,"Official channel of Virtual Railfan, Inc. Virtual Railfan is the premiere provider for live train cams all over the United States ...",yes,
AT00007192,boynton beach,UCyV61p9x_BP3LGcDtrxk6Tg,https://www.youtube.com/channel/UCyV61p9x_BP3LGcDtrxk6Tg,Boynton Arts,Art and Public Art in the City of Boynton Beach including The Kinetic Biennial.,yes,
AT00007192,boynton beach,UCc2j0JhnR8Hx0Hj13RhCJag,https://www.youtube.com/channel/UCc2j0JhnR8Hx0Hj13RhCJag,City of Delray Beach,Delray Beach is a vibrant city with historic charm and award-winning beaches. www.delraybeachfl.gov.,yes,
AT00007194,bradenton,UCEBkTfWIh0WNoD0yvFQia9w,https://www.youtube.com/channel/UCEBkTfWIh0WNoD0yvFQia9w,City Life Church Bradenton,"Welcome to City Life Church Bradenton. We are an Assemblies of God Church location in the heart of Downtown Bradenton, ...",yes,
AT00007194,bradenton,UCT1JiSNe8y5jmibd8QCzk8w,https://www.youtube.com/channel/UCT1JiSNe8y5jmibd8QCzk8w,Sarasota Bradenton International Airport,Welcome to the official page of the Sarasota Bradenton International Airport! We are your town and travel destination for the ...,yes,
AT00007204,briny breezes,UCc2j0JhnR8Hx0Hj13RhCJag,https://www.youtube.com/channel/UCc2j0JhnR8Hx0Hj13RhCJag,City of Delray Beach,Delray Beach is a vibrant city with historic charm and award-winning beaches. www.delraybeachfl.gov.,yes,
AT00007210,brooker,UCPRBTIJPBe60dKAtgCHYwpQ,https://www.youtube.com/channel/UCPRBTIJPBe60dKAtgCHYwpQ,"City of Gainesville, Florida",The latest videos from the City of Gainesville's Communications Office.,yes,
AT00007210,brooker,UCowjzpE3UxuTC6UhXlFfh2g,https://www.youtube.com/channel/UCowjzpE3UxuTC6UhXlFfh2g,Walk the Bay,"Walking tour videos around the Tampa Bay area. Take a walk and see the Tampa Bay area - it's parks, waterfronts, downtown ...",yes,
AT00007212,brooksville,UCAEh6z7dVZmy50RWIy9qpOg,https://www.youtube.com/channel/UCAEh6z7dVZmy50RWIy9qpOg,"Florida's Adventure Coast, Brooksville - Weeki Wachee",Hernando County is Florida's Adventure Coast. Visit the small cities of Weeki Wachee and Brooksville for magical mermaids and ...,yes,
AT00007222,bunnell,UCak1_v7UFM8nqIviX53nzaA,https://www.youtube.com/channel/UCak1_v7UFM8nqIviX53nzaA,"City of Crescent City, Florida","Crescent City, FL is located between Two bodies of water, Crescent Lake lies to the east of the town and Lake Stella lies to the ...",yes,
AT00007228,callahan,UCPcL9uy37-oy_iX1ka_fW8Q,https://www.youtube.com/channel/UCPcL9uy37-oy_iX1ka_fW8Q,Nassau County,Official Nassau County Florida YouTube Channel.,yes,
AT00007229,callaway,UCiMhJgTG0XsRwQAnZcbIX1g,https://www.youtube.com/channel/UCiMhJgTG0XsRwQAnZcbIX1g,Lighthouse Church,"Lighthouse Church Panama City 4049 West 23d Street Panama City, FL 32405 850-230-9030.",yes,
AT00007232,campbellton,UCjQLzllGnzicLNiMMzcLwKQ,https://www.youtube.com/channel/UCjQLzllGnzicLNiMMzcLwKQ,City of Dothan AL,Welcome to the City of Dothan Youtube Channel. Here you will find our Live streams and city government official video postings.,yes,
AT00007235,cape canaveral,UCzVNSjCc0HnwzvaDCtpAj5A,https://www.youtube.com/channel/UCzVNSjCc0HnwzvaDCtpAj5A,City of Cocoa Beach - Government,"IMPORTANT NOTICE UNDER FLORIDA'S PUBLIC RECORDS LAW: Please be aware that under Chapter 119, Florida Statutes, ...",yes,
AT00007236,cape coral,UCN4YHY9Svp-Hn-qoPNiVXCw,https://www.youtube.com/channel/UCN4YHY9Svp-Hn-qoPNiVXCw,Cape TV,CapeTV is the City of Cape Coral's government information channel carried on Comcast Channel 98 and CenturyLink Prism ...,yes,
AT00007238,captiva,UCTF-wEnfKoqXo9WOk-1ev5w,https://www.youtube.com/channel/UCTF-wEnfKoqXo9WOk-1ev5w,Town of Fort Myers Beach FL,,yes,
AT00007238,captiva,UCHdQcbDAEJdWNMHLll3orqA,https://www.youtube.com/channel/UCHdQcbDAEJdWNMHLll3orqA,SCCFSanibelCaptiva,"Founded in 1967, SCCF's (The Sanibel-Captiva Conservation Foundation) mission is to protect and care for Southwest Florida's ...",yes,
AT00007241,carrabelle,UCqxeQf5lNogo1j6AC9DOt0A,https://www.youtube.com/channel/UCqxeQf5lNogo1j6AC9DOt0A,"Carrabelle, Florida - Sea for Yourself",,yes,
AT00007242,carrollwood,UCS6lTmBMhXqlzGJ1_fdl2QQ,https://www.youtube.com/channel/UCS6lTmBMhXqlzGJ1_fdl2QQ,Carrollwood Village HOA,"Carrollwood Village Homeowners Association in Tampa, Florida.",yes,
AT00007242,carrollwood,UCCGGIb2F6DOV4gtA-R6ZFCQ,https://www.youtube.com/channel/UCCGGIb2F6DOV4gtA-R6ZFCQ,Living in Tampa Bay FL,"This channel is all about living in Tampa Bay Florida, moving to Tampa Florida, and relocating to Tampa Florida. We also cover ...",yes,
AT00007245,casselberry,UCrOGg6n2Qjw6yujcrwc0Z3g,https://www.youtube.com/channel/UCrOGg6n2Qjw6yujcrwc0Z3g,"City of Sanford, FL","Official Youtube Channel of City of Sanford, Florida. There's Always Something Going On in Historic Sanford. As one of the oldest ...",yes,
AT00007247,cedar grove,UC7PU0-rS-5muovkjZV7VyrQ,https://www.youtube.com/channel/UC7PU0-rS-5muovkjZV7VyrQ,COTUtilities,"For videos from the City of Tallahassee, visit https://www.youtube.com/user/WCOT Please note: The City of Tallahassee is not ...",yes,
AT00007248,cedar key,UCxtvri-ztRUzmjPnMGAMZoA,https://www.youtube.com/channel/UCxtvri-ztRUzmjPnMGAMZoA,Levy County Florida Boat Ramps,"Boat ramps along salt & brackish water in Levy County Florida. This includes the city of Cedar Key, Yankeetown and Inglis.",yes,
AT00007251,center hill,UCi8tJp_9QgFQE4KycX43B9g,https://www.youtube.com/channel/UCi8tJp_9QgFQE4KycX43B9g,Tampa Bay History Center,"The official YouTube channel for the Tampa Bay History Center featuring videos from our historians, curators and staff, on Tampa ...",yes,
AT00007252,century,UCrOGg6n2Qjw6yujcrwc0Z3g,https://www.youtube.com/channel/UCrOGg6n2Qjw6yujcrwc0Z3g,"City of Sanford, FL","Official Youtube Channel of City of Sanford, Florida. There's Always Something Going On in Historic Sanford. As one of the oldest ...",yes,
AT00007261,chiefland,UC9MNwMuigm3PeKHacwz2xQQ,https://www.youtube.com/channel/UC9MNwMuigm3PeKHacwz2xQQ,City of Newberry,Official YouTube channel for the City of Newberry. Includes commission meetings and other municipal government meetings.,yes,
AT00007262,chipley,UCZKMHi6_-072bacbDowUqpA,https://www.youtube.com/channel/UCZKMHi6_-072bacbDowUqpA,Fourteenth Judicial Circuit of Florida,"YouTube Channel for the Fourteenth Judicial Circuit of Florida. Our Vision: Justice in Florida will be Accessible, Fair, Effective, ...",yes,
AT00007262,chipley,UCwC5F5UefceMToWGjntPtbQ,https://www.youtube.com/channel/UCwC5F5UefceMToWGjntPtbQ,"Offical Town of Wausau, Florida","Welcome to the Official YouTube Channel for the Town of Wausau, Florida. Wausau, as you probably have guessed by now, is the ...",yes,
AT00007269,cinco bayou,UCoal4TkWkrxNaqaANYXAb3A,https://www.youtube.com/channel/UCoal4TkWkrxNaqaANYXAb3A,Emerald Coast TV,"Emerald Coast TV.com goal is to provide news stories, sports, and events happening in the communities along the Gulf of Mexico ...",yes,
AT00007271,citrus park,UC17qX_n5mGdn8tTiReiU8GA,https://www.youtube.com/channel/UC17qX_n5mGdn8tTiReiU8GA,Living in Citrus County FL,"Living in Citrus County FL. Never heard of Citrus County, Florida? It is definitely one Florida's hidden little gems. Up coming ...",yes,
AT00007271,citrus park,UCx4-4RHo_bhTMQJNh6Du0AA,https://www.youtube.com/channel/UCx4-4RHo_bhTMQJNh6Du0AA,City of Tampa,"Tampa, home to over 340000 residents, is a vibrant, dynamic and beautiful city. Located on the banks of the Hillsborough River, ...",yes,
AT00007277,clearwater,UCKr9me5QJuC173tnPh_4k9g,https://www.youtube.com/channel/UCKr9me5QJuC173tnPh_4k9g,City of Clearwater,"Thank you for visiting the YouTube channel for the bright and beautiful city of Clearwater, Florida. Learn more at ...",yes,
AT00007279,clermont,UCoRJ3ToTTjZw4AxMoMfX-og,https://www.youtube.com/channel/UCoRJ3ToTTjZw4AxMoMfX-og,City of Clermont Government,"Official YouTube channel for the city of Clermont, Florida.",yes,
AT00007282,cloud lake,UCc2j0JhnR8Hx0Hj13RhCJag,https://www.youtube.com/channel/UCc2j0JhnR8Hx0Hj13RhCJag,City of Delray Beach,Delray Beach is a vibrant city with historic charm and award-winning beaches. www.delraybeachfl.gov.,yes,
AT00007285,cocoa,UCbWJK7XQyPVBmp15Fwoa4jA,https://www.youtube.com/channel/UCbWJK7XQyPVBmp15Fwoa4jA,"City of Cocoa, Florida","IMPORTANT NOTICE UNDER FLORIDA'S PUBLIC RECORDS LAW: Please be aware that under Chapter 119, Florida Statutes, ...",yes,
AT00007288,coconut creek,UCj-5g6deC9TR_9rzK3fWY0Q,https://www.youtube.com/channel/UCj-5g6deC9TR_9rzK3fWY0Q,Coconut Creek - Margate Democratic Club,"Thank you for visiting the Coconut Creek - Margate Democratic Club website. Whether you are a lifelong Democrat, a former ...",yes,
AT00007288,coconut creek,UCwWs-vZ6h-5P6XvQOCllSCA,https://www.youtube.com/channel/UCwWs-vZ6h-5P6XvQOCllSCA,"City of Sunrise, Florida","The City of Sunrise, located in western Broward County, Florida is home to approximately 92000 residents and host to several ...",yes,
AT00007290,coleman,UC4UimES_xLEu_7VPyMrIeKA,https://www.youtube.com/channel/UC4UimES_xLEu_7VPyMrIeKA,The Villages Florida,"The Villages is an active retirement community located in sunny central Florida. Conceived over 50 years ago, our hometown has ...",yes,
AT00007294,cooper city,UCsjG_WlAS2qv-Hic6K16o3w,https://www.youtube.com/channel/UCsjG_WlAS2qv-Hic6K16o3w,City of Fort Lauderdale,"WeAreFTL: the official channel for the City of #FortLauderdale, a breathtaking coastal community in the heart of south Florida that ...",yes,
AT00007294,cooper city,UCfI44gsL78qpt3N3IqntfIw,https://www.youtube.com/channel/UCfI44gsL78qpt3N3IqntfIw,City of Cooper City,"Welcome to the official City of Cooper City, FL, government YouTube video channel. The City of Cooper City is located in ...",yes,
AT00007295,coral gables,UCD5_-pGp2NnbjtB20u3hP6A,https://www.youtube.com/channel/UCD5_-pGp2NnbjtB20u3hP6A,City of Coral Gables,This is a government access channel of the City of Coral Gables. It was created to provide information about government ...,yes,
AT00007296,coral springs,UCpJTI3iON45k4Lzx3c66u_w,https://www.youtube.com/channel/UCpJTI3iON45k4Lzx3c66u_w,Coral Springs,"Founded on July 10, 1963, Coral Springs has grown from a ""City in the Country"" to a vibrant, family-friendly City that has ...",yes,
AT00007300,cottondale,UCjQLzllGnzicLNiMMzcLwKQ,https://www.youtube.com/channel/UCjQLzllGnzicLNiMMzcLwKQ,City of Dothan AL,Welcome to the City of Dothan Youtube Channel. Here you will find our Live streams and city government official video postings.,yes,
AT00007303,crawfordville,UCsETCk0YSV0FhsYxQadpnKA,https://www.youtube.com/channel/UCsETCk0YSV0FhsYxQadpnKA,Tallahassee Police Department,The Tallahassee Police Department has a distinguished 170-year history of protecting and serving Florida's Capital City while ...,yes,
AT00007305,crescent city,UCak1_v7UFM8nqIviX53nzaA,https://www.youtube.com/channel/UCak1_v7UFM8nqIviX53nzaA,"City of Crescent City, Florida","Crescent City, FL is located between Two bodies of water, Crescent Lake lies to the east of the town and Lake Stella lies to the ...",yes,
AT00007306,crestview,UCULwAoCDC-aHRtofvReacUA,https://www.youtube.com/channel/UCULwAoCDC-aHRtofvReacUA,Destiny Worship Center,Welcome to the official Destiny Worship Center YouTube channel which features the latest sermons and preaching from our ...,yes,
AT00007309,cross,UCAzoS5eveYcUaWisO0ffQDA,https://www.youtube.com/channel/UCAzoS5eveYcUaWisO0ffQDA,CityOfOldsmar,"Videos of City Council and Advisory Board Meetings for the City of Oldsmar, Florida.",yes,
AT00007311,crystal river,UC4wQpu4nER3WJOYQWjia0Jg,https://www.youtube.com/channel/UC4wQpu4nER3WJOYQWjia0Jg,crystalriverflorida,Crystal River Florida is a small Gulf Coast town in Central Florida. The 2010 recorded people population was only 3108. However ...,yes,
AT00007314,cutler bay,UCSsI2UhZkrUHM0HjP9T7wDQ,https://www.youtube.com/channel/UCSsI2UhZkrUHM0HjP9T7wDQ,City of Miami Gov,The Official City of Miami YouTube Channel.,yes,
AT00007314,cutler bay,UCqXkl1O0vQ_mAz_f3-BJ0Sg,https://www.youtube.com/channel/UCqXkl1O0vQ_mAz_f3-BJ0Sg,Town of Cutler Bay,"Home to over 45000 residents, Cutler Bay is a coastal, family-friendly community. Since incorporating in 2005, the Town has ...",yes,
AT00007318,dade city,UCuKoLH6o_--A0pbLVN91hUg,https://www.youtube.com/channel/UCuKoLH6o_--A0pbLVN91hUg,City of Dade City,"Located among the rolling hills of Northeast Pasco County, Florida, Dade City is a delightful blend of old and new, trendy and ...",yes,
AT00007320,dania beach,UCZ5ZtYmJ5XUnbL_gNO-pmBw,https://www.youtube.com/channel/UCZ5ZtYmJ5XUnbL_gNO-pmBw,City of Dania Beach ,"The official video channel of the City of Dania Beach, Florida, government. From our exceptional beach, pier and marina to ...",yes,
AT00007320,dania beach,UCMT4sfctdp-J3ibU9_NA05Q,https://www.youtube.com/channel/UCMT4sfctdp-J3ibU9_NA05Q,Dania Beach Ch78,Dania Beach's Government Channel 78 and Live Broadcasts from City Hall (Commission meetings),yes,
AT00007321,davenport,UCqJQxuRoviexfqU4jFJckow,https://www.youtube.com/channel/UCqJQxuRoviexfqU4jFJckow,VisitDavenportFlorida,Welcome to the Sunshine State of Florida! If you're looking for the next adventure of a lifetime then checkout all Davenport Florida ...,yes,
AT00007322,davie,UClAfziZQ5Gra8DrGRzyq37w,https://www.youtube.com/channel/UClAfziZQ5Gra8DrGRzyq37w,Town of Davie TV,"This is the official ""YouTube"" home of the Town of Davie, Florida, government. Our Public Information Office is responsible for the ...",yes,
AT00007322,davie,UCQuUujo4gIp8r6xqCOg3meg,https://www.youtube.com/channel/UCQuUujo4gIp8r6xqCOg3meg,The Davie Police Department,This is the official YouTube channel for the Davie Police Department. The Davie Police Department is located in Broward County ...,yes,
AT00007324,daytona beach,UC83Ed6Z2xNz1XFdgtwZ_UlQ,https://www.youtube.com/channel/UC83Ed6Z2xNz1XFdgtwZ_UlQ,City of Daytona Beach Shores,"Daytona Beach Shores is a charming, friendly, oceanfront community of 4300 residents located on the barrier island directly south ...",yes,
AT00007326,debary,UCM3ui7jgq2s4vlHeFHMTA7w,https://www.youtube.com/channel/UCM3ui7jgq2s4vlHeFHMTA7w,River City Church,,yes,
AT00007326,debary,UCVmnLgKGLhHhcyQBKZgzvOw,https://www.youtube.com/channel/UCVmnLgKGLhHhcyQBKZgzvOw,"City of Deltona, Florida","This is the YouTube channel for DeltonaTV, the government access channel for the City of Deltona, Florida, operated under the ...",yes,
AT00007327,deerfield beach,UCGOxU-8iNOeoG3a337shXoA,https://www.youtube.com/channel/UCGOxU-8iNOeoG3a337shXoA,City of Deerfield Beach,"This is the official video channel of the City of Deerfield Beach, Florida, government. The mission of the Office of Public Affairs and ...",yes,
AT00007327,deerfield beach,UCc2j0JhnR8Hx0Hj13RhCJag,https://www.youtube.com/channel/UCc2j0JhnR8Hx0Hj13RhCJag,City of Delray Beach,Delray Beach is a vibrant city with historic charm and award-winning beaches. www.delraybeachfl.gov.,yes,
AT00007328,defuniak springs,UC6LCwS2osKc1ku8b0sUqAEg,https://www.youtube.com/channel/UC6LCwS2osKc1ku8b0sUqAEg,City DFS Live Stream,City of DeFuniak Springs Live Meetings.,yes,
AT00007329,deland,UCzpykaWQ6en93m6UZ1-pbiw,https://www.youtube.com/channel/UCzpykaWQ6en93m6UZ1-pbiw,City of DeLand,This channel is the official channel for the City of DeLand government.,yes,
AT00007332,delray beach,UCc2j0JhnR8Hx0Hj13RhCJag,https://www.youtube.com/channel/UCc2j0JhnR8Hx0Hj13RhCJag,City of Delray Beach,Delray Beach is a vibrant city with historic charm and award-winning beaches. www.delraybeachfl.gov.,yes,
AT00007333,deltona,UCtZT0FbMqI_caBY4QsgkHBQ,https://www.youtube.com/channel/UCtZT0FbMqI_caBY4QsgkHBQ,Deltona TV,Deltona TV is the Communication and Information Station for the City of Deltona and Southwest Volusia County. City commission ...,yes,
AT00007333,deltona,UCVmnLgKGLhHhcyQBKZgzvOw,https://www.youtube.com/channel/UCVmnLgKGLhHhcyQBKZgzvOw,"City of Deltona, Florida","This is the YouTube channel for DeltonaTV, the government access channel for the City of Deltona, Florida, operated under the ...",yes,
AT00007335,destin,UCn_D1Iq1xxZhrkenq1d7EYA,https://www.youtube.com/channel/UCn_D1Iq1xxZhrkenq1d7EYA,CityofDestin,"The City of Destin created this YouTube Channel to help keep residents, businesses and visitors up-to-date on news and City ...",yes,
AT00007339,doral,UClUMQPoYao_K1Vs3tOOVonA,https://www.youtube.com/channel/UClUMQPoYao_K1Vs3tOOVonA,City of Doral,"Thank you for visiting Doral TV on YouTube! We welcome you to view our programming right here on demand, on Comcast ...",yes,
AT00007343,dunedin,UCHh0XD1oISXtkFGqExIoEMA,https://www.youtube.com/channel/UCHh0XD1oISXtkFGqExIoEMA,CityofDunedin,"Official City of Dunedin, Florida YouTube Channel.",yes,
AT00007353,eatonville,UCMWuX8wXgT9Od4IJtdRIdtQ,https://www.youtube.com/channel/UCMWuX8wXgT9Od4IJtdRIdtQ,"Town of Eatonville, FL",TOWN OF EATONVILLE - The Historic Town of Eatonville is the Oldest Black Incorporated Town in America; incorporated in 1887 ...,yes,
AT00007354,ebro,UCIQF6ORilTNOq43451WT0YA,https://www.youtube.com/channel/UCIQF6ORilTNOq43451WT0YA,City of Lynn Haven Florida,Lynn Haven City Commission meetings are normally held on the second and fourth Tuesdays of the month in the Chambers ...,yes,
AT00007355,edgewater,UCI_r0uHACBVupYf2slPWXkw,https://www.youtube.com/channel/UCI_r0uHACBVupYf2slPWXkw,"City of Edgewater, FL",City of Edgewater has many wonderful events and an amazing culture.,yes,
AT00007355,edgewater,UCtZT0FbMqI_caBY4QsgkHBQ,https://www.youtube.com/channel/UCtZT0FbMqI_caBY4QsgkHBQ,Deltona TV,Deltona TV is the Communication and Information Station for the City of Deltona and Southwest Volusia County. City commission ...,yes,
AT00007356,edgewood,UCrOGg6n2Qjw6yujcrwc0Z3g,https://www.youtube.com/channel/UCrOGg6n2Qjw6yujcrwc0Z3g,"City of Sanford, FL","Official Youtube Channel of City of Sanford, Florida. There's Always Something Going On in Historic Sanford. As one of the oldest ...",yes,
AT00007360,ellenton,UCUniSRGmRw4qLi2qmoInoxw,https://www.youtube.com/channel/UCUniSRGmRw4qLi2qmoInoxw,Redeemer Lutheran Church Sun City Center Florida,"Welcome to Redeemer Lutheran Church in Sun City Center, Florida. Redeemer Lutheran Church is a member of the ELCA, and is ...",yes,
AT00007361,el portal village,UCsjG_WlAS2qv-Hic6K16o3w,https://www.youtube.com/channel/UCsjG_WlAS2qv-Hic6K16o3w,City of Fort Lauderdale,"WeAreFTL: the official channel for the City of #FortLauderdale, a breathtaking coastal community in the heart of south Florida that ...",yes,
AT00007362,englewood,UCXphpg1dn9tA5o5IcuNu_Zg,https://www.youtube.com/channel/UCXphpg1dn9tA5o5IcuNu_Zg,Englewood Florida Chamber of Commerce,,yes,
AT00007364,estero,UCB7E094GNsw0d2_an2lHiHQ,https://www.youtube.com/channel/UCB7E094GNsw0d2_an2lHiHQ,Village of Estero,"Videos from the Village of Estero, Florida. www.estero-fl.gov.",yes,
AT00007366,eustis,UCH4oRNW-j-ERP5P9E9CVuig,https://www.youtube.com/channel/UCH4oRNW-j-ERP5P9E9CVuig,"City of Eustis, Florida - America's Hometown","The City of Eustis, Florida is using all media tools at its disposal for the promotion of City programs and events. for more ...",yes,
AT00007369,fanning springs,UC9MNwMuigm3PeKHacwz2xQQ,https://www.youtube.com/channel/UC9MNwMuigm3PeKHacwz2xQQ,City of Newberry,Official YouTube channel for the City of Newberry. Includes commission meetings and other municipal government meetings.,yes,
AT00007381,flagler beach,UCAAkvQKLVWfbQG1djcjL69w,https://www.youtube.com/channel/UCAAkvQKLVWfbQG1djcjL69w,Flagler County Boat Ramps,"Saltwater boat ramps in Flagler County, Florida including the city of Palm Coast.",yes,
AT00007381,flagler beach,UCXMJJAvJs4FAbl3cYX627Nw,https://www.youtube.com/channel/UCXMJJAvJs4FAbl3cYX627Nw,Official City of Flagler Beach,,yes,
AT00007382,flagler estates,UCutMtNq3Rm4NzsRYtNMHSAg,https://www.youtube.com/channel/UCutMtNq3Rm4NzsRYtNMHSAg,City of Palm Coast,Welcome to the official YouTube Channel of the City of Palm Coast - your all-in-one resource for everything Palm Coast. Here you ...,yes,
AT00007385,florida city,UCTh3-EEpBJ7yKjG6T5lO8_A,https://www.youtube.com/channel/UCTh3-EEpBJ7yKjG6T5lO8_A,"North Port, Florida","Located in Southwest Florida between Tampa and Fort Myers, the City of North Port is the largest city in Sarasota County.",yes,
AT00007385,florida city,UCXGlqG9zOM6xLlrx2tUWnNw,https://www.youtube.com/channel/UCXGlqG9zOM6xLlrx2tUWnNw,City of Stuart Florida,Government Organization.,yes,
AT00007392,fort lauderdale,UCsjG_WlAS2qv-Hic6K16o3w,https://www.youtube.com/channel/UCsjG_WlAS2qv-Hic6K16o3w,City of Fort Lauderdale,"WeAreFTL: the official channel for the City of #FortLauderdale, a breathtaking coastal community in the heart of south Florida that ...",yes,
AT00007393,fort meade,UCN7BX7zOhLxX6lijxKYHbvw,https://www.youtube.com/channel/UCN7BX7zOhLxX6lijxKYHbvw,"City of Fort Meade, Florida","Official YouTube page for the City of Fort Meade, Florida.",yes,
AT00007394,fort myers,UCTF-wEnfKoqXo9WOk-1ev5w,https://www.youtube.com/channel/UCTF-wEnfKoqXo9WOk-1ev5w,Town of Fort Myers Beach FL,,yes,
AT00007394,fort myers,UCpL5tRq3FnhCEbox9dMRjKQ,https://www.youtube.com/channel/UCpL5tRq3FnhCEbox9dMRjKQ,Town Of fort Myers Beach,,yes,
AT00007395,fort myers beach,UCTF-wEnfKoqXo9WOk-1ev5w,https://www.youtube.com/channel/UCTF-wEnfKoqXo9WOk-1ev5w,Town of Fort Myers Beach FL,,yes,
AT00007397,fort pierce,UCDXiZbgiwQ7aRYT2gsm7CSQ,https://www.youtube.com/channel/UCDXiZbgiwQ7aRYT2gsm7CSQ,Destination Fort Pierce,"Destination Fort Pierce is a 501c3 non profit organization which operates to promote the City of Fort Pierce, FL to the world.",yes,
AT00007400,fort walton beach,UChjWMmXpTm0bpYNba5hMmNA,https://www.youtube.com/channel/UChjWMmXpTm0bpYNba5hMmNA,CityofFWBOfficial,"We are the heart of art, culture, festivals, local sugar-sand beaches, and outdoor enthusiasts.",yes,
AT00007401,fort white,UCqAtMzvK306flC7dEPhAJjQ,https://www.youtube.com/channel/UCqAtMzvK306flC7dEPhAJjQ,Columbia County Florida,This channel is to live stream and archive public Board of County Commissioner Meetings.,yes,
AT00007401,fort white,UC9MNwMuigm3PeKHacwz2xQQ,https://www.youtube.com/channel/UC9MNwMuigm3PeKHacwz2xQQ,City of Newberry,Official YouTube channel for the City of Newberry. Includes commission meetings and other municipal government meetings.,yes,
AT00007405,freeport,UCULwAoCDC-aHRtofvReacUA,https://www.youtube.com/channel/UCULwAoCDC-aHRtofvReacUA,Destiny Worship Center,Welcome to the official Destiny Worship Center YouTube channel which features the latest sermons and preaching from our ...,yes,
AT00007406,frostproof,UC1hGizu74_ZR3wpjxbzrfCA,https://www.youtube.com/channel/UC1hGizu74_ZR3wpjxbzrfCA,City of Auburndale,"The purpose of this Youtube Channel is to enhance customer service, outreach and increase citizen involvement with the ...",yes,
AT00007408,fruitland park,UCa8-2wE1yx1xKwkC-lqdbjQ,https://www.youtube.com/channel/UCa8-2wE1yx1xKwkC-lqdbjQ,Fruitland Park Library's Community Spotlight,Community Spotlight in Fruitland Park Florida.,yes,
AT00007408,fruitland park,UC4UimES_xLEu_7VPyMrIeKA,https://www.youtube.com/channel/UC4UimES_xLEu_7VPyMrIeKA,The Villages Florida,"The Villages is an active retirement community located in sunny central Florida. Conceived over 50 years ago, our hometown has ...",yes,
AT00007412,gainesville,UCPRBTIJPBe60dKAtgCHYwpQ,https://www.youtube.com/channel/UCPRBTIJPBe60dKAtgCHYwpQ,"City of Gainesville, Florida",The latest videos from the City of Gainesville's Communications Office.,yes,
AT00007416,gateway,UCqhOr2LsPCGXzyhzEPbqzuw,https://www.youtube.com/channel/UCqhOr2LsPCGXzyhzEPbqzuw,"City of Midway, Florida","Midway, Florida is located at the heart of Gadsden County and serves as North Florida's Gateway City. The City's estimated 2019 ...",yes,
AT00007422,glen ridge,UCc2j0JhnR8Hx0Hj13RhCJag,https://www.youtube.com/channel/UCc2j0JhnR8Hx0Hj13RhCJag,City of Delray Beach,Delray Beach is a vibrant city with historic charm and award-winning beaches. www.delraybeachfl.gov.,yes,
AT00007423,glen st. mary,UC_FPDNWyiuWE6ilImqeTj3w,https://www.youtube.com/channel/UC_FPDNWyiuWE6ilImqeTj3w,JTAFLA,"This is the official YouTube page for the Jacksonville Transportation Authority (JTA). For more information about JTA services, visit ...",yes,
AT00007425,golden beach,UCAthAfV8Iqgyl8znznZodlQ,https://www.youtube.com/channel/UCAthAfV8Iqgyl8znznZodlQ,City of Miami Beach TV,"This is the official ""You Tube"" home of the City of Miami Beach, Florida, government. Our communications department is ...",yes,
AT00007435,graceville,UCjQLzllGnzicLNiMMzcLwKQ,https://www.youtube.com/channel/UCjQLzllGnzicLNiMMzcLwKQ,City of Dothan AL,Welcome to the City of Dothan Youtube Channel. Here you will find our Live streams and city government official video postings.,yes,
AT00007436,grand ridge,UCNz587T2e7zqAd8SldXHWSg,https://www.youtube.com/channel/UCNz587T2e7zqAd8SldXHWSg,An Orlando Thing,"Welcome to An Orlando Thing, your ultimate guide to everything Orlando has to offer! Whether you're a prospective resident or a ...",yes,
AT00007437,grant-valkaria,UCbWJK7XQyPVBmp15Fwoa4jA,https://www.youtube.com/channel/UCbWJK7XQyPVBmp15Fwoa4jA,"City of Cocoa, Florida","IMPORTANT NOTICE UNDER FLORIDA'S PUBLIC RECORDS LAW: Please be aware that under Chapter 119, Florida Statutes, ...",yes,
AT00007437,grant-valkaria,UCzVNSjCc0HnwzvaDCtpAj5A,https://www.youtube.com/channel/UCzVNSjCc0HnwzvaDCtpAj5A,City of Cocoa Beach - Government,"IMPORTANT NOTICE UNDER FLORIDA'S PUBLIC RECORDS LAW: Please be aware that under Chapter 119, Florida Statutes, ...",yes,
AT00007438,greenacres,UCc2j0JhnR8Hx0Hj13RhCJag,https://www.youtube.com/channel/UCc2j0JhnR8Hx0Hj13RhCJag,City of Delray Beach,Delray Beach is a vibrant city with historic charm and award-winning beaches. www.delraybeachfl.gov.,yes,
AT00007440,green cove springs,UCkR8oC7KOgkX3pKL5IaNK-A,https://www.youtube.com/channel/UCkR8oC7KOgkX3pKL5IaNK-A,Green Cove Springs Florida City Government,"Official channel of the City of Green Cove Springs, FL, with videos highlighting City events, projects, and initiatives.",yes,
AT00007441,greensboro,UCHqC-yWZ1kri4YzwRSt6RGQ,https://www.youtube.com/channel/UCHqC-yWZ1kri4YzwRSt6RGQ,Right Side Broadcasting Network,Thank you for visiting the official Right Side Broadcasting Network (RSBN) YouTube page! We are the #1 channel for LIVE and ...,yes,
AT00007443,greenwood,UCKr9me5QJuC173tnPh_4k9g,https://www.youtube.com/channel/UCKr9me5QJuC173tnPh_4k9g,City of Clearwater,"Thank you for visiting the YouTube channel for the bright and beautiful city of Clearwater, Florida. Learn more at ...",yes,
AT00007447,groveland,UCy9RpLRNl9smN4zqjiA6YwQ,https://www.youtube.com/channel/UCy9RpLRNl9smN4zqjiA6YwQ,Living in Orlando Florida,"Moving to/from/around Orlando Florida? Let's Chat! ⬇️ We are all about living in and around Orlando Florida, moving to Orlando ...",yes,
AT00007448,gulf breeze,UC5zPH59K5DZo_jV15f8KEJg,https://www.youtube.com/channel/UC5zPH59K5DZo_jV15f8KEJg,Gulf Breeze Elementary School Music,This is the official YouTube channel for the Gulf Breeze Elementary School Music Department. Music resources and student ...,yes,
AT00007450,gulfport,UCFQwMNHIkWlHsMg--YWViHA,https://www.youtube.com/channel/UCFQwMNHIkWlHsMg--YWViHA,Bill Thomas Group - St. Pete Real Estate,,yes,
AT00007451,gulf stream,UCTgORvzgyWjxLUHhWQgALdg,https://www.youtube.com/channel/UCTgORvzgyWjxLUHhWQgALdg,Hipica TV,"La Transmisión Oficial en Español de Gulfstream Park, Santa Anita Park, Laurel Park, Pimlico, Pegasus World Cup y Preakness ...",yes,
AT00007451,gulf stream,UC0bCUnP5RrkJZUtd3bBz6Kw,https://www.youtube.com/channel/UC0bCUnP5RrkJZUtd3bBz6Kw,WPTV News - FL Palm Beaches and Treasure Coast,"WPTV NewsChannel 5, the NBC affiliate in West Palm Beach, is Florida's top rated television station. WPTV covers Palm Beach ...",yes,
AT00007453,haines city,UCW_uu-xANpNbitNi1c2E9kQ,https://www.youtube.com/channel/UCW_uu-xANpNbitNi1c2E9kQ,St. Ann Catholic Church Haines City,"We believe, as a community, that each one of us has a unique contribution to make in the form of our time, God-given talents, and ...",yes,
AT00007453,haines city,UC89rQD66ctf4q7S8MObOtdA,https://www.youtube.com/channel/UC89rQD66ctf4q7S8MObOtdA,City of Haines City,"The Official YouTube channel for Haines City, FL. Visit www.HainesCity.com.",yes,
AT00007454,hallandale beach,UCy3aaJDn0RvmrJpD474Aj4Q,https://www.youtube.com/channel/UCy3aaJDn0RvmrJpD474Aj4Q,City of Hallandale Beach,This is the official City of Hallandale Beach Government Channel. The channel includes videos produced by the City of ...,yes,
AT00007455,hampton,UCHqC-yWZ1kri4YzwRSt6RGQ,https://www.youtube.com/channel/UCHqC-yWZ1kri4YzwRSt6RGQ,Right Side Broadcasting Network,Thank you for visiting the official Right Side Broadcasting Network (RSBN) YouTube page! We are the #1 channel for LIVE and ...,yes,
AT00007470,hialeah,UCI3p9c__3qlEFi4iaQTOQaw,https://www.youtube.com/channel/UCI3p9c__3qlEFi4iaQTOQaw,cityofhialeah,Official City of Hialeah youtube Channel.,yes,
AT00007470,hialeah,UCSCzXpZ82FfA5udLY6WynCQ,https://www.youtube.com/channel/UCSCzXpZ82FfA5udLY6WynCQ,Town of Miami Lakes,"When it incorporated in December 2000, the Town of Miami Lakes became the 31st municipality in Miami-Dade County. Known ...",yes,
AT00007472,highland beach,UCc2j0JhnR8Hx0Hj13RhCJag,https://www.youtube.com/channel/UCc2j0JhnR8Hx0Hj13RhCJag,City of Delray Beach,Delray Beach is a vibrant city with historic charm and award-winning beaches. www.delraybeachfl.gov.,yes,
